n,projet,nom,type,secteur,pays,responsable,annee,initiative,nature_appui,montant_appui,telephone,email
1,P14,GIRIYUJA ASBL,,Commerce,Burundi,,2023,"Projet de l’autonomisation économique, un tremplin pour la dignité des filles-mères/mères-celibataires du site des déplacés de Ruhororo en province de Ngozi",,80000,,
2,P14,GLOBSUD,,"Construction, TIC, Agriculture, sylviculture et pêche, Energie et environnement",Cameroun,,2023,Culture maraîchère écologique comme activité génératrice de revenus au profit des femmes et des filles déplacées internes du bassin maraîcher de Foumbot à l’Ouest du Cameroun,,57600,,
3,P14,Amicale Pour le Développement Durable,,"Culture, sport et loisirs, Construction",Bénin,,2023,Leadership Féminin du style Art Déco (LFAD),,38443.07,,
4,P14,Association IBUDO,,"Energie et environnement, TIC",Bénin,,2023,Women Startup Incubator  (WoSI),,23493.37,,
5,P14,Association pour la Promotion de l'Agriculture Biologique,,"Agriculture, sylviculture et pêche, Services financiers",Bénin,,2023,Projet de renforcement de l’autonomisation des femmes par la production de tomate biologique sur un site de production intensive à Allada,,15000,,
6,P14,Association the Light of the World for the Development,,"Industrie, Energie et environnement, Commerce",Bénin,,2023,"Appui à la formation professionnelle en cuisine-restauration, en transformation agro-alimentaire et en fabrication des emballages écologiques biodégradables pour l’autonomisation des jeunes filles et femmes vulnérables de Glo-djigbé  (Abomey-Calavi)",,16456,,
7,P14,ONG Terre Développement et Résilience,,"Industrie, Energie et environnement, TIC, Commerce, Gouvernance et droits",Bénin,,2023,Autonomisation Economique de deux Coopératives Féminines dans le Zou au Bénin (EcoFem.bj),,40000,,
8,P14,Groupement des femmes des collectivités publiques locales du Cameroun,,"Agriculture, sylviculture et pêche, Commerce, Santé, SSR et services sociaux",Cameroun,,2023,Projet de renforcement des capacités des femmes déplacées internes du département de l’Océan dans le développement de l’entrepreneuriat agricole innovant,,70000,,
9,P14,Association Nationale pour l’Education et la Réinsertion Sociale des Enfants à Risques,,"Industrie, Energie et environnement",Burkina Faso,,2023,Projet de développement des compétences pour une meilleure employabilité et autonomisation de 540 filles et des femmes déplacées internes dans 5 régions du Burkina,,91000,,
10,P14,Association Nourrir Sans Détruire,,"Agriculture, sylviculture et pêche, Industrie, Lutte contre les VBG et VSS, Gouvernance et droits",Burkina Faso,,2023,PAGA YIKI pour le relèvement économique des femmes déplacées internes de la province de Gourma,,97669,,
11,P14,Association pour le Développement Namalgbzanga du Centre Nord,,"Agriculture, sylviculture et pêche, Industrie, Santé, SSR et services sociaux",Burkina Faso,,2023,Autonomisation économique et sociale de 100 femmes et jeunes filles dont 60 déplacées internes et 40 issues de la communauté hôte de la commune de Kaya,,20512,,
12,P14,Association Todi Yaba,,"Construction, Education et formation, Commerce, Energie et environnement",Burkina Faso,,2023,« TIN TODI » pour l’autonomisation économique de la fille et de la jeune femme déplacées internes dans la région de l’Est,,70000,,
13,P14,CLUB DES AMIS POUR LA PAIX DURABLE EN AFRIQUE,,"Industrie, Energie et environnement, Santé, SSR et services sociaux",Comores,,2023,Formation et fabrication de charbon écologique pour les femmes,,89993,,
14,P14,Association pour un Liban Social et Solidaire Acteur de sa Reconstruction,,"Gouvernance et droits, Energie et environnement, Services financiers",Liban,,2023,VIE FEMMES  (Valorisation et Insertion des Femmes En situation de précarité),,33329,,
15,P14,Association TON DE Niangoloko,,"Construction, Agriculture, sylviculture et pêche, Commerce",Burkina Faso,,2023,Projet d’appui à la réhabilitation de l’unité de transformation et la création d’opportunités d’emploi des femmes,,79100,,
16,P14,BEDAYATI,,"Education et formation, EFH, Industrie",Liban,,2023,FAIR : Femmes autonomes indépendantes et réunies,,60000,,
17,P14,ONG Le Semeur,,"Agriculture, sylviculture et pêche, Lutte contre les VBG et VSS, Services financiers",Côte d'Ivoire,,2023,"Formalisation des activités de 100 femmes aveugles-éleveurs du département de Duékoué par l'acquisition du statut de l'entreprenant, la formation, le renforcement des capacités opérationnelles et un accompagnement pour un accès plus facile aux Guichets de Côte d'Ivoire PME",,75000,,
18,P14,"Plateforme des Acteurs de Promotion du Civisme, de Paix et de Développement de Côte d'Ivoire",,"Agriculture, sylviculture et pêche, TIC, Commerce",Côte d'Ivoire,,2023,"Autonomisation durable des femmes démunies et jeunes filles mères défavorisées par la mise en place de coopératives agricoles de femmes : création d’emplois agricoles, création d’unité de transformation et commercialisation",,45000,,
19,P14,Association pour la Résilience Et la Lutte contre la Vulnérabilité,,"Agriculture, sylviculture et pêche",Djibouti,,2023,Formation et acquisition des matériels pour la pêche et couture pour les femmes déplacées et  vulnérables,,48000,,
20,P14,Association pour le Developpement Humain et de l'Environnement,,Education et formation,Liban,,2023,EmpowElles : Autonomisation des femmes par l'excellence et l'entrepreneuriat,,73916,,
21,P14,Bright Future For Her,,"Agriculture, sylviculture et pêche, TIC, Energie et environnement, Commerce",Cameroun,,2023,"Appui à l'autonomisation économique des femmes déplacées internes de la ville de Limbé à travers la mise en place d'un cluster agricole de la filière manioc, gage d'un développement durable",,15245,,
22,P14,Fondation SOSUCAM,,"Agriculture, sylviculture et pêche, TIC, Commerce, EFH",Cameroun,,2023,"Projet d'empowerment de jeunes entrepreneuses agropastorales en devenir, en Haute-Sanaga au Cameroun",,78336,,
23,P14,Association S.O.S femmes du Congo,,"Agriculture, sylviculture et pêche, Industrie, EFH, Energie et environnement",Congo,,2023,Projet d'appui à l’autonomisation financière des femmes déplacées vivant avec handicap de la Bouenza,,50000,,
24,P14,Fondation Internationale Tierno et Mariam,,"EFH, Gouvernance et droits, Agriculture, sylviculture et pêche, Services financiers",Guinée,,2023,Inclusion économique et sociale des femmes en situation de handicap,,82000,,
25,P14,Associação dos JOvens Voluntários e Amigos de Plack-1,,"Santé, SSR et services sociaux, Education et formation, Lutte contre les VBG et VSS, EFH, TIC",Guinée-Bissau,,2023,Na Guiné-Bissau : autonomisation intégrale et durable des femmes,,32500,,
26,P14,Association pour le Développement de Bombardopolis,,"Agriculture, sylviculture et pêche, Services financiers",Haïti,,2023,Appui au renforcement économique et social des femmes de la première section communale de Bombardopolis,,78812,,
27,P14,Centre d'Appui à la Microfinance et au Développement,,"Services financiers, Agriculture, sylviculture et pêche",Mali,,2023,Professionnalisation de la filière volaille dans le cercle de Kayes,,85000,,
28,P14,Caritas Diocésaine du Cap-Haïtien,,"Industrie, Energie et environnement, Services financiers, Commerce",Haïti,,2023,Renforcement de la capacité socio-économique des femmes vulnérables de Limonade,,65000,,
29,P14,Centre d'Innovation Technologique et d'Entrepreneuriat,,"Agriculture, sylviculture et pêche, Energie et environnement, Commerce",Haïti,,2023,Appui à l'entrepreneuriat agricole des filles mères et des femmes par le développement de pratiques agricoles adaptées au changement climatique dans le département du Sud en Haïti,,70000,,
30,P14,Cercle des Femmes Leaders en Haiti,,"Agriculture, sylviculture et pêche",Haïti,,2023,Appui à l'autonomisation économique et l'inclusion sociale des femmes et des filles éloignées de l'emploi par la mise en oeuvre d'un atelier de fabrication d'ustensile de cuisine en aluminium recyclé et la création d'une boutique,,70306.64,,
31,P14,Fusion Fiombonana Mifanasoa,,"Industrie, TIC",Madagascar,,2023,Autonomisation socioéconomique des jeunes femmes défavorisées dans la Commune Rurale d'Ankadikely Ilafy via des formations entrepreneuriales et professionnelles,,61410,,
32,P14,"Femme, Environnement, Santé et Education",,"Agriculture, sylviculture et pêche, Commerce",Gabon,,2023,Projet d'apiculture comme moyen de diversification des revenus des femmes autochtones et locales productrices de cacao sous ombrage,,80000,,
33,P14,Sampanasa momba ny Fampandrosoana Fiangonan'i Jesoa Kristy eto Madagasikara,,"Gouvernance et droits, Services financiers",Madagascar,,2023,Formalisation des activités génératrices de revenus des femmes et filles victimes de prostitution et porteuses du VIH,,70000,,
34,P14,Phare Ponleu Selpak,,"Santé, SSR et services sociaux",Cambodge,,2023,Formation supérieure d’insertion professionnelle à l'école de danse de Phare Ponleu Selpak,,100000,,
35,P14,Sehatr’Asa Hampandrosoana ny eny Ifotony,,Services financiers,Madagascar,,2023,"Programme de renforcement des compétences financières à Manakara et Vohipeno, Région de Fitovinany",,30000,,
36,P14,Banlieues du Monde,,"Industrie, TIC, Agriculture, sylviculture et pêche, Energie et environnement",Mauritanie,,2023,Projet de production et de commercialisation de l’oseille de Guinée et autres produits maraichers au profit des femmes de N’diorol,,65000,,
37,P14,SOS Villages d'Enfants,,"Gouvernance et droits, EFH",Madagascar,,2023,AMATEMA  (Ampela Mahaleo Tegna Mandray Andraikitsy) : Renforcement de l'autonomisation des jeunes filles et femmes membres de groupement dans la Région Anosy,,100000,,
38,P14,Tranoben'Ny Tantsaha Mpamokatra / Chambre d'Agriculture de Madagascar,,"Agriculture, sylviculture et pêche, Energie et environnement",Madagascar,,2023,AVICUMAFOREST : Améliorer  les moyens de subsistance des femmes vulnérables  dans la région Androy,,33948.94,,
39,P14,Inclusion Sans Frontière - Multi Handicap,,"Industrie, Energie et environnement, Agriculture, sylviculture et pêche, EFH",Niger,,2023,"Afada, Acika, pour une inclusion productive",,30000,,
40,P14,ONG Carrefour Jeunesse Niger,,"Energie et environnement, Agriculture, sylviculture et pêche, Commerce",Niger,,2023,"Autonomisation des femmes maraichères du village de Famalé, commune de Dessa, Département de Tillabéri, Région de Tillabéri",,48000,,
41,P14,Réseau Femmes et Développement Communautaire,,"Services financiers, EFH, Industrie",Mauritanie,,2023,Renforcement des capacités socioéconomiques et d'autonomisation de jeunes-femmes dans la Région de Nouakchott-Sud,,24000,,
42,P14,Fonds de Renforcement des Activités d'Autonomisation des Femmes,,"Agriculture, sylviculture et pêche, EFH",République Démocratique du Congo,,2023,"Projet d'accès des femmes déplacées aux opportunités d’autonomisation économiques productives et viables dans les villages du territoire de Bagata, Province du Kwilu/ RDC",,82752,,
43,P14,Centre d'Ecoute pour un Développement Durable,,"Agriculture, sylviculture et pêche, Industrie, Construction, Commerce",Sénégal,,2023,Femmes Vertes : Cultiver l'Autonomie,,26000,,
44,P14,African Women's Entrepreneurship Program Togo,,"TIC, Education et formation",Togo,,2023,Résilience et aspiration : Renforcer les capacités de la génération actuelle et préparer la prochaine génération de femmes entrepreneures au Togo,,38538,,
45,P14,Fonds de Soutien au développement des femmes de la province de Quang Tri,,"Education et formation, Energie et environnement, Industrie, Agriculture, sylviculture et pêche, Commerce, EFH, Services financiers",Vietnam,,2023,"Améliorer l'accès à la formation professionnelle pour le renforcement de la qualité de la main d'oeuvre et l'autonomisation des femmes et jeunes filles de l'ethnie minoritaire Bru Van Kieu dans la commune de Kim Ngan, province de Quang Tri (Vietnam)",,67942,,
46,P14,Association Chrétienne pour l’Alphabétisation et la Traduction de la Bible en Langue Ifè,,"Agriculture, sylviculture et pêche, EFH",Togo,,2023,Autonomisation économique des femmes rurales de la région des plateaux à travers la production et la transformation du manioc,,20000,,
47,P14,Rashet Kheir,,"Services financiers, Commerce",Liban,,2023,Boost'Elles : Renforcer l'autonomie économique des femmes entrepreneures pour une croissance inclusive,,70000,,
48,P14,La voix de l'enfant rural,,"Services financiers, Commerce, TIC, EFH",Tunisie,,2023,EmpowerHer,,45000,,
49,P14,Centre Pyramide pour la Paix et la Gouvernance,,Industrie,Togo,,2023,Projet d’Accompagnement à l’Autonomisation Socioéconomique du Club des Mères d’Enfants Handicapés et Femmes Handicapées ‘’LIDAOU ‘’ dans la commune de Bassar4 au Togo,,68000,,
50,P14,Organisation pour la Promotion de l'Agroécologie Solidaire,,"Energie et environnement, Agriculture, sylviculture et pêche, Gouvernance et droits",Togo,,2023,Appui à la résilience des femmes rurales face aux changements climatiques pour un développement socioéconomique durable dans la commune Kozah 2 au Togo,,36444,,
51,P14,Association Kinouété,,"Santé, SSR et services sociaux",Maurice,,2023,Nouveau départ: pour la réinsertion sociale des femmes et jeunes femmes après la prison,,76396,,
52,P14,Caritas Solitude Lakaz Lespwar,,"Agriculture, sylviculture et pêche, Energie et environnement",Maurice,,2023,L' autonomisation économique et sociale des femmes à travers l'aquaponie : Un modèle durable pour la communauté,,43938,,
53,P14,Union des associations scientifiques et technologiques de la province de Hoa Binh,,,Vietnam,,2023,"Aide à l’amélioration du système de formation professionnelle axée sur les besoins du marché du travail en faveur des jeunes, notamment des jeunes femmes, issus des ethnies minoritaires de la région du Nord-ouest du Vietnam",,46386,,
54,P14,Renaissance Africaine - Association des Femmes d’Afrique de l’Ouest,,"Agriculture, sylviculture et pêche",Cabo Verde,,2024,"Autonomisation économique des femmes évoluant dans la pêche à l’île de Maio, Cabo Verde",,40811,,
55,P14,Entreprendre au Féminin Océan Indien Seychelles,,"Agriculture, sylviculture et pêche",Seychelles,,2024,Femmes-pêcheurs et transformatrices : créer de nouvelles opportunités commerciales et de nouveaux emplois pour les femmes Seychelloises dans le secteur de l'économie bleue et de la pêche durable,,30000,,
56,P14,Girls and Tech Comores,,"Agriculture, sylviculture et pêche",Comores,,2024,Renforcement de l’Empowerment économique des Femmes aux Comores (REEFC),,99600,,
57,P14,Groupe des Femmes Solidaires pour la Bienfaisance,,"Agriculture, sylviculture et pêche",Djibouti,,2024,Renforcement de l’autonomie économique des Femmes de Kalaf à travers l’agriculture Durable,,53255,,
58,P14,Institut de Technologie et d’Animation,,"Agriculture, sylviculture et pêche",Haïti,,2024,Renforcement de l’autonomisation économique et sociale des femmes de l’Arrondissement d’Aquin,,80000,,
59,P14,Oganizasyon Fanm Travayè pou Devlopman Kanperen,,"Agriculture, sylviculture et pêche",Haïti,,2024,Appui à la promotion de l’entreprenariat des femmes dans la commune de Camp-Perrin en Haïti,,73860,,
60,P14,Eco-Sud,,Commerce,Maurice,,2024,Autonomisation des Femmes de la communauté de Ville Noire grâce à la vente de repas et de produits alimentaires agroécologiques,,95536,,
61,P14,Professionnels Avec Différence,,"Agriculture, sylviculture et pêche",Cameroun,,2024,"Accès aux opportunités économiques dans le domaine de la pisciculture, de l’élevage et de l’agriculture résiliente au changement climatique en faveur des femmes en situation de vulnérabilité à Eboné et Yaoundé",,96000,,
62,P14,Observatoire Béninois des Droits de l’Homme,,,Bénin,,2024,Projet d’appui à la formalisation des activités génératrices de revenus des mères célibataires,,41260,,
63,P14,Association Wadba,,"Culture, sport et loisirs",Djibouti,,2024,Bibliothèque Nomade de la Culture,,75000,,
64,P14,Rwanda Women Community Development Network,,"Agriculture, sylviculture et pêche",Rwanda,,2024,Autonomisation économique des femmes et filles de l’Espace Sûr du Rwanda Women’s Network par l’agriculture et la valorisation des produits forestiers,,71360,,
65,P14,Programme d’Aide Humanitaire aux Cas sociaux,,"Santé, SSR et services sociaux",Togo,,2024,Promotion de l’hygiène féminine et développement d’une unité de fabrication de serviettes hygiéniques réutilisables pour les femmes de la région des Plateaux,,73883,,
66,P14,Les Amis d’Haïti,,"Agriculture, sylviculture et pêche",Haïti,,2024,Appui à l’autonomisation socioéconomique des femmes et des filles mères dans le département des Nippes pour une production agricole durable axée sur l’entrepreneuriat en s’appuyant sur des techniques de transformation innovante des fruits et légumes,,80000,,
67,P14,Agir Ensemble Pour le Développement,,Commerce,Bénin,,2024,Plus d’amour,,23596,,
68,P14,Femmes Ingénieures Actives pour le Développement Inclusif,,"Agriculture, sylviculture et pêche",Burundi,,2024,"Les femmes rurales, pour un monde sans faim",,99981,,
69,P14,Association des Familles pour le Développement et l’Encadrement des Paysans,,"Agriculture, sylviculture et pêche",Haïti,,2024,Appui au renforcement de la résilience économique et sociale pour l’autonomisation des femmes vulnérables dans le département des Nippes (PARES-FEMMES),,59984,,
70,P14,"Association pour le Développement social, la lutte contre la Pauvreté et le réchauffement climatique",,"Agriculture, sylviculture et pêche",Cameroun,,2024,"Faire des PFNL une source de revenus pour les femmes, tout en protégeant les forêts",,48271,,
71,P14,Association Rwandaise des Ecologistes,,"Agriculture, sylviculture et pêche",Rwanda,,2024,Autonomisation des femmes par l’appui au développement d’une filière horticole résiliente au changement climatique en secteur Mukamira du District Nyabihu au Rwanda,,72002,,
72,P14,Fondation Mablé Agbodan,,Services et artisanat,Togo,,2024,"Formation professionnelle et insertion des filles, mères célibataires et femmes en situation de handicap à Tchamba et à Lomé",,100000,,
73,P14,ONG Institut international des sciences sociales,,Industrie,Madagascar,,2024,Méca Mama,,51187,,
74,P14,Passerelles Numériques,,TIC,Cambodge,,2024,Passer’Elles Numériques au Cambodge,,77482,,
75,P14,Association des Acteurs d’Insertion et du Développement,,"Agriculture, sylviculture et pêche",Congo,,2024,Projet d’autonomisation économique des femmes déplacées du district de Goma tsé-tsé,,68000,,
76,P14,Centre d’Etude et d’Appui au Développement local,,"Agriculture, sylviculture et pêche",Gabon,,2024,Appui à l’entrepreneuriat agricole des jeunes filles mères et des veuves pour une autonomisation financière durable,,69139,,
77,P14,Association des jeunes femmes entrepreneures du Sénégal,,"Agriculture, sylviculture et pêche",Sénégal,,2024,Ligeyel_Ellek,,79652,,
78,P14,Association des jeunes tchadiens pour l’orientation de service agronomique nutritionnel et environnemental,,"Agriculture, sylviculture et pêche",Tchad,,2024,Projet de résilience agricole en faveur des femmes vulnérables face au changement climatique,,62000,,
79,P14,Saboutech,,"Agriculture, sylviculture et pêche",Guinée,,2024,HydroFem,,98000,,
80,P14,Programme d’Appui au Développement Communautaire,,"Agriculture, sylviculture et pêche",République démocratique du Congo,,2024,"Projet de valorisation des produits forestiers non ligneux en faveur des femmes déplacées victimes des conflits armés à Kalehe dans la province du Sud-Kivu : cas du poivre noir, de la maniguette, de la caroube et de l’ésese dit « 4 côtés »",,72970,,
81,P14,Soeurs Pour Soeurs/ Tond Laa Taaba,,"Agriculture, sylviculture et pêche",Burkina Faso,,2024,"« Yèrèta » qui signifie en langue Dioula se prendre en charge soi-même, autonomie",,75000,,
82,P14,Association Malienne pour la Solidarité et le développement,,Education et formation,Mali,,2024,"Projet d’appui à l’intégration socio-économique durable des femmes et jeunes filles réfugiées et déplacées internes de Bamako par des formations professionnelles, des AGR",,100000,,
83,P14,Sos Handicap,,Education et formation,République démocratique du Congo,,2024,Projet d’appui à l’Entrepreneuriat de 45 femmes handicapées dans la ville de Bukavu,,80000,,
84,P14,Organização das Mulheres de Cabo Verde,,Education et formation,Cabo Verde,,2024,Renforcement des capacités économiques et de l’inclusion des femmes,,99963,,
85,P14,Association des Femmes pour le Développement Durable,,"Agriculture, sylviculture et pêche",République centrafricaine,,2024,Appui à l’autonomisation des femmes déplacées des villages Sabongo et Yombo dans l’agroécologie,,15500,,
86,P14,Gender Links,,"Agriculture, sylviculture et pêche",Maurice,,2024,L’agriculture durable pour l’émancipation des femmes,,99339,,
87,P14,Association pour un Liban Social et Solidaire Acteur de sa Reconstruction,,TIC,Liban,,2024,DIGIFEM : inclusion digitale et protection pour femmes et jeunes filles déplacées,,48511,,
88,P14,2Mains Comores,,"Agriculture, sylviculture et pêche",Comores,,2024,Appui à l’autonomisation des femmes dans le secteur primaire comorien,,70000,,
89,P14,Centre Thien Chi de soutien et de développement communautaire,,Education et formation,Vietnam,,2024,Autonomisation des femmes défavorisées grâce à l’indépendance économique et à l’accès aux soins de santé,,99450,,
90,P14,Centre de Promotion et de Développement de l’Emploi Vert,,"Agriculture, sylviculture et pêche",Bénin,,2024,Projet d’insertion socio-professionnelle des filles mères déscolarisées aux métiers de l’Agrobusiness,,60000,,
91,P14,Association Théâtre Mayton Promo,,TIC,Bénin,,2024,"Projet d'installation à l’Espace Communautaire Mayton de Zè d'un Centre de Formation aux métiers de l'audiovisuel, du numérique et multimédia",,22860,,
92,P14,Service d’Appui aux Initiatives de Microfinance et Développement,,"Agriculture, sylviculture et pêche, Commerce",Cameroun,,2024,"Autonomisation des femmes vulnérables par l’Agroforesterie, la valorisation et transformation du Ndjansang (Ricinodendron heudelotii) avec mesure de l’impact financier sur le revenu des agriculteurs/trices grâce à l’application mobile Fynka dans le département du Nyong et Mfoumou au Cameroun",,87960,,
93,P14,Madanyat For Equality,,Services et artisanat,Liban,,2024,Mihnati,,80000,,
94,P14,Coopération pour l’Appui au Développement Intégral du Togo,,TIC,Togo,,2024,Autonomisation Socio-économique et Inclusion Numérique des Femmes et Filles Maraîchères de Dévikinmé,,60888,,
95,P14,Centre Pour la Culture et le Développement de Carice (Sant pour la Kilti ak devlòpman Karis),,"Agriculture, sylviculture et pêche",Haïti,,2024,S'engager avec ELLES en Haïti : Projet d’appui au renforcement du leadership socio-économiques des femmes et filles dans la sous-région Haut Nord Est d’Haïti dans le contexte de la crise actuelle,,75000,,
96,P14,Association Pour la Protection de l'Environnement et le Développement Durable de la Population en Consortium avec CEMAC,,"Agriculture, sylviculture et pêche",Burundi,,2024,Projet d’accompagnement des Jeunes Femmes Vulnérables vers une Résilience Holistique,,100000,,
97,P14,Entrepreneurship Development Educational Network in Africa,,"Agriculture, sylviculture et pêche",Cameroun,,2024,Femmes agricultrices Multi potentielles,,100000,,
98,P14,Warchée,,Services et artisanat,Liban,,2024,Intégration de la Menuiserie Inclusive,,98000,,
99,P14,RED OAK,,Commerce,Liban,,2024,Renforcer l'autonomisation des femmes et filles dans la Bekaa par l'acquisition de compétences professionnelles et digitales,,80000,,
100,P14,Michel Daher Social Foundation,,Services et artisanat,Liban,,2024,Projet de renforcement des compétences numériques et technologiques des femmes et des filles dans les zones rurales de Bekaa,,99000,,
101,P14,Lebanese Social Responsability,,"Agriculture, sylviculture et pêche",Liban,,2024,Projet TAMKIN visant la création de coopératives féminines de femmes de Jbeil et Keserwan,,59000,,
102,P14,Makesense Lebanon,,,Liban,,2024,Accompagnement de femmes dans la formation et l’emploi au Liban,,97000,,
103,P14,Réseau Ouest Africain des Jeunes Femmes Leaders du Bénin,,,Bénin,,2024,Autonomisation durable des jeunes femmes et filles-mères vulnérables au Bénin par le renforcement de leurs capacités entrepreneuriales et d’employabilité,,100000,,
104,P14,Groupe Coopératif Mayendeleyo,,"Agriculture, agroalimentaire et pêche / Accès aux financements et entrepreneuriat féminin",Comores,,2025,Femmes en Action : Entrepreneuriat et autonomisation aux Comores,,98800,,
105,P14,Fonds Haïtien Pour le Développement Durable,,"Agriculture, agroalimentaire et pêche / Accès aux financements et entrepreneuriat féminin",Haïti,,2025,Plante lespwa ak lapè nan kè jèn fanm nan komin ti rivyè nip (planter l’espoir et la paix dans le cœur des jeunes femmes de petite rivière de Nippes),,96956,,
106,P14,"Organisation des Planteurs de Lamonge, André et Verrette",,"Agriculture, agroalimentaire et pêche / Accès aux financements et entrepreneuriat féminin",Haïti,,2025,Insertion et appui à l’entreprenariat des femmes rurales de la commune de Torbeck,,78328,,
107,P14,Fédération des Associations des Aveugles de Madagascar,,"Agriculture, agroalimentaire et pêche",Madagascar,,2025,"LAFATRA : Lombriculture, pour l'Autonomisation des Femmes Aveugles et TRansformation vers l'Agriculture durable",,78931.2,,
108,P14,ONG Action pour le Développement et la Protection de la Famille,,,Côte d'Ivoire,,2025,"Projet d'autonomisation et d'adaptation au changement climatique de la coopérative féminine de production maraîchère du village de Nondjoni, sous-préfecture de Dianra",,69099,,
109,P14,Action des Leaders pour le Développement des Communautés à la base,,,Togo,,2025,Renforcement de l’Autonomie des Femmes d’Avédjé à travers l’Élevage Durable (RAFAED),,28663,,
110,P14,Coopérative des Artisanes Couturières Abikè Fashion House,,,Bénin,,2025,"Ifè : Mise en place d’un Programme d’Accompagnement de coopératives créées par des femmes artisanes exerçant  dans les métiers de création de textile durable (tisserand, teinturier écologique) et de la mode (haute couture) et d'une application « AVO » pour simplifier les tâches administratives, comptables, la formation et la recherche de clients",,68000,,
111,P14,ONG Innovation Fait La Jeunesse,,,Bénin,,2025,Projet « Foyers améliorés GNONNÙ-DANÙ » :  Promotion des foyers améliorés et du charbon écologique pour l’autonomisation économique des femmes de Covè et Zagnanado,,75182,,
112,P14,Association pour la formation et le développement de l'esprit d'entreprise,,,Moldavie,,2025,#BizElle – Femmes en affaires à impact. Programme de développement entrepreneurial pour les femmes de Moldavie,,100000,,
113,P14,Appui aux Initiatives Locales,,,Togo,,2025,ÉcoFemmes  - Agriculture bio et énergie verte,,79815,,
114,P14,Fédération des acteurs de développement social et économique de l'île de Moheli,,,Comores,,2025,Promotion de l’aquaculture durable pour la production des crevettes aux Comores,,78860,,
115,P14,Fair World Builders,,,Haïti,,2025,Agricultrice et développement rural : cultiver l'autonomie des Femmes de Plaine du Nord par l'agriculture régénératrice des cultures maraichères,,63286,,
116,P14,Association pour L'Education Des Enfants Défavorisés,,,Maurice,,2025,"Autonomisation économique et social des femmes vulnérables (filles, mères célibataires, femmes avec un handicap) à travers la fabrication des assiettes a base des feuilles du palmier Areca et autres (d'areca, palmiste et autre)",,99000,,
117,P14,Organisation Non Gouvernementale Jeunesse et Emplois Verts pour une Economie Verte,,,Bénin,,2025,Gbewa : aquaculture continentale pour l'autonomisation des femmes de l'ile d'Agonve,,73244,,
118,P14,Solidarité Protestante France-Arménie,,,Arménie,,2025,Formations professionnelles pour l'avenir des Femmes,,59500,,
119,P14,Fondation Akoun pour le Développement Global,,,Egypte,,2025,La femme travaille,,57500,,
120,P14,Association pour l'Epanouissement de la Jeune Femme,,,Cameroun,,2025,Femme - Manioc Impact,,30000,,
121,P14,Savana Signatures,,,Ghana,,2025,Initiative pour le Renforcement des Moyens de Subsistance et de la Protection Sociale des Femmes Vulnérables,,96000,,
122,P14,Action Durable pour les Ressources naturelles Africaines,,,République démocratique du Congo,,2025,Projet Agro-Sol : Agroécologie pour l'autonomisation économique des filles mères et mères célibataires,,27472,,
123,P14,Hope Sahel,,,Niger,,2025,"Réinventer le déchet textile, Autonomiser les femmes, Préserver la planète",,91075,,
124,P14,Association pour la Promotion des Droits des Jeunes,,,Burkina Faso,,2025,Soutenir l’émergence et la valorisation de l’économie féminine locale pour plus d’audibilité de sa voix et plus d’indépendance et d’inclusion à Ouissiga au Burkina Faso,,86812,,
125,P14,Centre de ressources et des compétences pour le développement communautaire,,,Congo,,2025,"Autonomisation économique et réinsertion sociale des jeunes filles-mères et d’autres femmes en situation de précarité par la transformation, la valorisation et la commercialisation des produits issus de l’agriculture et de l’élevage durables dans la commune rurale de Kintélé et ses environs, République du Congo",,76000,,
126,P14,Association Mouhbani,,,Djibouti,,2025,Autonomisation des femmes pêcheuses et des jeunes filles des villages côtiers de Tadjourah pour une économie bleue durable,,78000,,
127,P14,Women Success,,,Tchad,,2025,"DIAN KOUM KÖ : Femmes autonomes, communautés fortes",,57600,,
128,P14,ONG Femme Enfance Environnement,,,Sénégal,,2025,Projet d’appui à la résilience économique des femmes défavorisées des régions de Fatick et Diourbel à travers la transformation agro-sylvo-pastorale,,100000,,
129,P14,Association de Coopération et de Recherche pour le Développement au Burundi,,,Burundi,,2025,Renforcement de la résilience des femmes face aux changements climatiques au Burundi,,100000,,
130,P14,Association Pour la Promotion et le Développement de l'Entrepreneuriat Jeunesse,,,Guinée,,2025,Renforcement de l'Autonomisation des Filles/Femmes de Bambaya en Maraichage et en Pisciculture,,97398,,
131,P14,ONG Cabralistes,,,Cabo Verde,,2025,FEM - Femmes en mouvement,,35000,,
132,P14,Aide pour le Développement Durable,,,Madagascar,,2025,"Appui au développement des activités de femmes agricultrices vulnérables dans deux communes rurales de Manandona et Vinaninkarena, région Vakinankaratra",,28538,,
133,P14,COOPLUS,,,Maroc,,2025,"Coondaba Coop : La force de la coopération, la richesse de la diversité",,76000,,
134,P14,Fondation Fonds de dons communautaires Sliven,,,Bulgarie,,2025,Confiante et réussie – perspectives professionnelles pour les femmes vulnérables à SLIVEN,,59084,,
135,P14,Centre d'Intégrité Publique de São Tomé et Príncipe,,,São Tomé et Príncipe,,2025,Autonomisation Agricole et Éducative des Femmes Rurales de Mezochi : Vers l'Autonomie Économique et Sociale,,80000,,
136,P14,Union Locale des Productrices de Karité de Dioila (Sociéte cooperative ULPK-D),,,Mali,,2025,Projet d’Appui à l’autonomisation économiques des femmes vulnerables et les deplacés internes dans la production durable de beurre karité naturel et d’aides sociales aux personnes vulnérables en milieu rural (PA2-25),,80000,,
137,P14,Vie et environnement RWANDA,,,Rwanda,,2025,Autonomisation des filles mères vulnérables par la fabrication de bio briquettes,,80000,,
138,P14,Réseau des Innovateurs pour le Développement Agricole et Social,,,Haïti,,2025,"Appui à l’autonomisation socioéconomiques des femmes en situation de vulnérabilité à travers la mise en place des activités génératrices de revenus, transformation de produits agricoles et d'élevages de caprins dans le département du Nord-Ouest et de l’Artibonite",,96000,,
139,P14,Solidarité Active pour l'Action Humanitaire et le Développement Local,,,Cameroun,,2025,Plan d'action solidaire pour l'autonomisation économique et sociale des femmes rurales et des jeunes filles défavorisées dans le domaine de la pisciculture et de l’agroalimentaire écologique adapté aux changements climatiques dans le village d'ABILI,,48000,,
140,P14,Fondation arménienne Miassine,,,Arménie,,2025,Femmes rurales du lac Arpi: Actrices du développement local,,39000,,
141,P14,Environmental Protection and Conservation Organisation,,,Maurice,,2025,L’autonomisation économique et sociale des femmes en situation de vulnérabilité à l’île Maurice,,99674,,
142,P14,ECO-CARE,,,Bénin,,2025,"Système d'optimisation pour la valorisation, l'inclusion et l’autonomisation 
des femmes rurales vulnérables de Ségbana par l'énergie solaire (SOL'VITA)",,52324,,
143,P14,Association Al Daleel,,,Liban,,2025,FrancoFemmeEntrepreneuses,,39200,,
144,P14,Le Potentiel Bâtisseur,,,Bénin,,2025,Purée au féminin : transformer et entreprendre dans la filière tomate,,64000,,
145,P14,Nuclio Nacional dos tecnicos de intervençao Social,,,Guinée-Bissau,,2025,"Projet d'appui à l'autonomisation et à l'inclusion financière des femmes et des jeunes dans les filières de la noix de cajou, des fruits et des légumes : Mindjer i Balur",,32001,,
146,P14,Environnement et Sociétés au Cameroun,,,Cameroun,,2025,"Une production agropastorale de précision et une distribution améliorée pour l’autonomisation, l’insertion socioéconomique et sociale et la promotion de l’entreprenariat chez la femme rurale dans la région du Sud Cameroun",,79792,,
147,P14,Programme d’Assistance et protection de la Personne Handicapée,,,République démocratique du Congo,,2025,Soutien à l’autonomisation économique des femmes handicapées et autres vulnérables par l’élevage des lapins,,50666,,
148,P14,Association des Gestionnaires pour le Développement,,,Mauritanie,,2025,PAIFER : Projet  d'Autonomisation Intégrée des Femmes à Rosso,,87781,,
149,P14,Association des Amis Moundou-Poitiers,,,Tchad,,2025,Projet d’autonomisation économique des femmes par la valorisation et la promotion des pratiques agro-alimentaires durables à Moundou,,52888,,
150,P14,Association Rawafed pour le développement,,,Tunisie,,2025,Impact’Elles,,92000,,
151,P14,Fondation Maurice A. Sixto,,Services et artisanat,Haïti,,2025,Un Métier pour les Femmes Déplacées,,69836,,
152,P14,Union pour le Développement et Respect des Femmes Haïtiennes,,"Agriculture, sylviculture et pêche",Haïti,,2025,100 reines des abeilles : Un projet d’inclusion économique pour les femmes haïtiennes,,76000,,
153,P14,Comunità Impegno Servizio Volontariato ETS,,"Agriculture, sylviculture et pêche",Haïti,,2025,"FEMMES (F – Formation, É – Économie, M – Mutuelles, M – Mobilisation, E – Égalité, S – Solidarité)",,99776,,
154,P14,Rasanbleman Fanm Vanyan Limonad,,"Agriculture, sylviculture et pêche",Haïti,,2025,Femme Durable et Inclusive (FeDI),,56738,,
155,P14,Association pour le Développement de la Côte Sud d’Haïti,,"Agriculture, sylviculture et pêche",Haïti,,2025,Leadership et entrepreneuriat au feminin (LEF),,82000,,
156,P14,Sonje Ayiti Organization,,"Agriculture, sylviculture et pêche",Haïti,,2025,Renforcement des capacités de 50 femmes en situation de vulnérabilité de la commune de Limonade dans l’agrobusiness et l’économie solidaire,,79700,,
157,P14,Solidarité pour une Jeunesse Résiliente,,"Agriculture, sylviculture et pêche",Haïti,,2025,Renforcement de la Filière Porcine à Pyron : Création d’une Porcherie Moderne et d’un Abattoir pour l’Autonomisation des Femmes et Jeunes Filles,,89000,,
158,P19,AKEWA ACCELERATEUR,,,Gabon,,2024,,,56225,,
159,P19,Green Environnemental Resource GER,,,Gabon,,2024,,,2544,,
160,P19,Agence Nationale de Valorisation des Rés ultats de la Recherche et de l’Innovatio n (ANVRI),,,Congo,,2024,,,65000,,
161,P19,Institut de Recherche Agricole pour le Développement -IRAD,,,Cameroon,,2024,,,51900,,
162,P19,Université Kongo,,,République Démocratique du Congo,,2024,,,87926,,
163,P19,COOPERATIVE LES PRODUITS DE LA TERRE-LPT,,,Gabon,,2024,,,49950,,
164,P19,COMMISSION NATIONALE POUR L'UNESCO,,,Cameroon,,2024,,,20200,,
165,P19,MINISTERE DE L’ENSEIGNEMENT TECHNIQUE ET PROFESSIONNEL (METP CONGO-BRAZZA),,,Congo,,2024,,,15233,,
166,P19,PAMOFPE- programme d'amélioration de l'o ffre de la formation professionnelle,,,Cameroon,,2024,,,13075,,
167,P19,Université Kongo,,,République Démocratique du Congo,,2024,,,11057,,
168,P19,ECOLE NATIONALE DE DEVELOPPEMENT RURAL  (ENDR),,,Gabon,,2024,,,83768,,
169,P19,Institut national pour l'étude et la rec herche agronomiques (INERA),,,République Démocratique du Congo,,2024,,,85000,,
170,P19,FORUM DES JEUNES ENTREPRISES DU CONGO  (FJEC),,,Congo,,2024,,,80000,,
171,P19,Ingénieurs sans Frontières,,,Cameroon,,2024,,,40000,,
172,P19,Banque de développement des États de l'Afrique Centrale - BDEAC,,,Congo,,2023,,,50000,,
173,P19,International Emissions Trading Association - IETA,,,Switzerland,,2023,,,5000,,
174,P15,Localverse SAS (BioAlva) BioAlva,,,France,,2024,,,10000,,
175,P15,IKIRAY MIEL DE MADAGASCAR,,,Madagascar,,2024,,,9800,,
176,P15,AFS Association francophone de la Solidarité,,,France,,2024,,,10000,,
177,P15,Fondation AfroClimate,,,Maurice,,2024,,,60000,,
178,P15,ASSOCIATION TOHA,,,Djibouti,,2024,,,34785,,
179,P15,TURATH,,,Liban,,2024,,,15000,,
180,P15,COMMISSION DE L'OCEAN INDIEN - COI,,,Comores,,2025,,,49350,,
181,P15,MDE - MAISON DE L' EMPLOI,,,Comores,,2025,,,14998,,
182,P15,SHOOTING STARS ACADEMY Liban,,,Liban,,2025,,,15000,,
183,P15,FORUM FOR AFRICAN WOMEN EDUCATIONALISTS,,,Madagascar,,2025,,,30000,,
184,P15,"Min. Environnement, Dév. durable et de la transition écologique RCI",,,Côte d'Ivoire,,2025,,,,,
185,P15,Centre de Formation pour  l’Autonomisation de la Femme au MASEF,,,Mauritanie,,2025,,,138000,,
186,P15,Femi Abel TANKPINOU,,,Bénin,,2025,,,10000,,
187,P15,Aina Phylis Fara Raphaël TSABOTOVANONJAKA,,,Seychelles,,2025,,,4000,,
188,P15,Ghita BENSAID,,,Maroc,,2025,,,10000,,
189,P15,Sarah GAESSLER,,,France,,2025,,,5000,,
190,P15,Moustapha DIOP,,,Sénégal,,2025,,,5000,,
191,P15,Jovianne BIRINDWA,,,République démocratique du Congo,,2025,,,5000,,
192,P15,Grace Nelly IRAKOZE,,,Sénégal,,2025,,,10000,,
193,P15,Borivath TAN,,,Cambodge,,2025,,,10000,,
194,P15,E Bonaventure TCHAOU,,,Togo,,2025,,,5000,,
195,P15,Abdou Rachid ALI SOULE,,,Bénin,,2025,,,4000,,
196,P15,Asmahou ALI WAGANA OSSENI,,,Bénin,,2025,,,4000,,
197,P15,Tidiane DIA,,,Sénégal,,2025,,,4000,,
198,P15,NE PAS UTILISER // Alhassan Boner DIALLO,,,Guinée,,2025,,,4000,,
199,P15,Brigitte Cecilia Nzahou Ekomy,,,Gabon,,2025,,,4000,,
200,P15,Irène FOUYABA PAMBIANG,,,Tchad,,2025,,,4000,,
201,P15,Divin Arnaud KOUEBATOUKA,,,Congo,,2025,,,4000,,
202,P15,Ayélé Sévérine KOUEVI-KOKOH,,,Togo,,2025,,,4000,,
203,P15,Zahra MOHAMED SAID,,,France,,2025,,,4000,,
204,P15,Braian RAZAFINONY,,,Madagascar,,2025,,,4000,,
205,P15,Akossiwavi Rachel Heureuse SILI,,,Togo,,2025,,,4000,,
206,P15,Sophie TARYAM KODJIANOUBA,,,Tchad,,2025,,,4000,,
207,P15,JOELLE EL HABER,,,Liban,,2025,,,5006,,
208,P15,ROUBA HOUSSAMI,,,Liban,,2025,,,5006,,
209,P15,CNJCI-Conseil National des Jeunes de Côte d'Ivoire,,,Côte d'Ivoire,,2025,,,18957,,
210,P15,INTER AFRICAN COMMITTEE,,,Ethiopie,,2024,,,15000,,
211,P15,RI JEUNESSE DE LA FRANCOPHONIE,,,France,,2025,,,20480,,
212,P15,ONG TOLOTSOA,,,Madagascar,,2025,,,28000,,
213,P15,FERAM FORUM D’ECHANGES ET DE RENCONTRES ADMINISTRATIFS MONDIAUX,,,France,,2024,,,35520,,
214,P15,FIPF- Fédération internationale des Prof esseurs de français (siège),,,France,,2025,,,1131,,
215,P15,FERAM FORUM D’ECHANGES ET DE RENCONTRES ADMINISTRATIFS MONDIAUX,,,France,,2025,,,34602,,
216,P15,G.A.F.F Gpe Ambassadeurs francophones de France,,,France,,2025,,,8378,,
217,P15,LCCE Lebanese Center for Civic Education,,,Liban,,2023,,,20000,,
218,P15,ONG EDEN,,,Madagascar,,2023,,,19798,,
219,P15,OPAS Org pr Promot de l'Agroécologie,,,Togo,,2023,,,18959,,
220,P15,SOLIDARITE POUR UNE JEUNESSE RESILIENTE,,,Haïti,,2023,,,20000,,
221,P15,ASSOCIATION DES JEUNES CREATEURS,,,Maroc,,2023,,,18300,,
222,P15,URDEIF,,,République Démocratique du Congo,,2023,,,19962,,
223,P15,FNPK BENIN,,,Bénin,,2023,,,15999,,
224,P15,ONG AGEDD AssoGuninéenneEveilauDeveloptdurable,,,Guinée,,2023,,,20000,,
225,P15,AGEDD-Asbl,,,République démocratique du Congo,,2023,,,5000,,
226,P15,Association Regards de Femmes,,,France,,2023,,,20000,,
227,P15,FIPF- Fédération internationale des Prof esseurs de français (siège),,,France,,2023,,,59470,,
228,P15,Association AGORA,,,Sénégal,,2023,,,19573,,
229,P15,CEDIF ONG Cercle Dévelppt Initiatives,,,Bénin,,2023,,,19834,,
230,P15,RIDAS,,,Haïti,,2023,,,18000,,
231,P15,APM-Burundi A Portée de Mains Burundi,,,Burundi,,2023,,,15000,,
232,P20,UNIVERSITÉ SENGHOR D'ALEXANDRIE,,,Egypt,,2024,,,49540,,
233,P20,Ministère du Tourisme et de l’Artisanat - Madagascar,,,Madagascar,,2024,,,34391,,
234,P20,Tourism Authority Mauritius,,,Mauritius,,2024,,,50000,,
235,P20,Ministère des Affaires Etrangères et du  Tourisme des Seychelles,,,Seychelles,,2024,,,20700,,
236,P20,Commune d'Itsahidi,,,Comoros,,2025,,,24300,,
237,P20,Association Humanitaire pour le Dév Com de Sadampoini Comores,,,Comoros,,2025,,,20000,,
238,P20,Ministère de l’Environnement chargé du Tourisme,,,Comoros,,2025,,,17000,,
239,P20,Union des Sanduk de Mohéli USM,,,Comoros,,2025,,,15000,,
240,P20,Commune Cembenoi Lac Salé,,,Comoros,,2025,,,14445,,
241,P20,National Institute of Entrepreneurship and Innovation_NIEI,,,Cambodia,,2025,,,77500,,
242,P20,Institute du Tourisme  du Cap Vert ITCV,,,Cape Verde,,2025,,,9285,,
243,P20,Institute du Tourisme  du Cap Vert ITCV,,,Cap Verde,,2026,,,35590,,
244,P20,Formation et Progrès-Cambodge - BRAP,,,Cambodge,,2024,,,91043,,
245,P20,SPOONS Cambodia Organization - BRAP,,,Cambodge,,2024,,,51285,,
246,P20,URDSE - BRAP,,,Cambodge,,2024,,,9441,,
247,P20,Agir Pour Le Cambodge - BRAP,,,Cambodge,,2024,,,46073,,
248,P20,CWEA of Siem Reap Branch - BRAP,,,Cambodge,,2024,,,91285,,
249,P20,Ministère du Tourisme du Cambodge - BRAP,,,Cambodge,,2024,,,94384,,
250,P20,IECD - BRAP,,,France,,2025,,,59108,,
251,P20,REACH - BRAP,,,Viet Nam,,2025,,,51693,,
252,P20,IMPACT ON - BRAP,,,Canada,,2025,,,65250,,
253,P20,Entrepreneurs du Monde - BRAP,,,France,,2025,,,72770,,
254,P20,WWF-Cambodge - BRAP,,,Cambodge,,2025,,,59195,,
255,P20,La Guilde - BRAP,,,France,,2025,,,9915,,
256,P20,Association Capverdienne d'Écotourisme,,,Cap Vert,,2025,,,50090,,
257,P20,Mairie Praia (Câmara Municipal da Praia),,,Cap Vert,,2025,,,45000,,
258,P20,Fundação Maio Biodiversidade,,,Cap Vert,,2025,,,44049,,
259,P20,Agence Parcs Nationaux des Comores PNC,,,Comores,,2025,,,84700,,
260,P20,COMORES COWORKING - COMWORK,,,Comores,,2025,,,65000,,
261,P20,WUTAMU COMORES,,,Comores,,2025,,,49500,,
262,P20,BAYON EDUCATION & DEV. ORGANIZATION-BRAP,,,Cambodge,,2025,,,53790,,
263,P20,ULIS - VNU - BRAP,,,Viet Nam,,2025,,,44234,,
264,P20,ONG Agir pour le Cambodge - BRAP,,,France,,2025,,,40503,,
265,P20,APFC - BRAP,,,Cambodge,,2025,,,12795,,
266,P17,Université de Montréal - Observatoire de la Francophonie économique,,,Canada,,2024,,,49164,,
267,P17,LA PLATEFORME (Ancien PPAEI),,,Madagascar,,2025,,,6400,,
268,P17,CEEE - CENTRE D’ÉTUDES ECONOMIQUES EUROP ÉENNES,,,France,,2024,,,15000,,
269,P17,FORUM FRANCOPHONE DES AFFAIRES (FFA),,,France,,2024,,,80000,,
270,P17,RIAFPI,,,Côte d'Ivoire,,2024,,,15000,,
271,P17,FORUM FRANCOPHONE DES AFFAIRES (FFA),,,France,,2025,,,95000,,
272,P17,RIAFPI,,,Côte d'Ivoire,,2025,,,40000,,
273,P17,CHAMBRE DE COMMERCE INTERNATIONALE ICC,,,France,,2025,,,40000,,
274,P17,OHADA  - ORGANISATION POUR L'HARMONISATI ON EN AFRIQUE DU DROIT DES AFFAIRES,,,Cameroon,,2025,,,39332,,
275,P17,Conférence permanente des Chambres CAF (CPCCAF),,,France,,2025,,,67100,,
276,P17,SILIKIN VILLAGE ASBL,,,République Démocratique du Congo,,2025,,,20000,,
277,P17,APF Alliance des Patronats Francophones,,,France,,2025,,,381300,,
278,P17,FORUM FRANCOPHONE DES AFFAIRES (FFA),,,France,,2023,,,80000,,
279,P17,RIAFPI,,,Côte d'Ivoire,,2023,,,43000,,
280,P17,APF Alliance des Patronats Francophones,,,France,,2023,,,262662,,
281,P17,CIRIDD - CENTRE INTERNATIONAL DE RESSOUR CES ET D'INNOVATION POUR LE DÉVELOPPEMEN T DURABLE,,,France,,2023,,,25980,,
282,P17,Centre de la francophonie des Amériques,,,Canada,,2023,,,25000,,
283,P17,ACADÉMIE DES LETTRES DU QUEBEC,,,Canada,,2023,,,4867,,
284,P17,OFQJ - Office Franco-Québécois pour la Jeunesse,,,France,,2023,,,1500,,
285,P16a,SIMPLON.Co,,,France,,2024,,,79503,,
286,P16a,Association PROEDEV,,,Togo,,2024,,,98787,,
287,P16a,MENFOP - MINISTERE DE L'EDUCATION NATION ALE ET DE LA FORMATION PROFESSIONNELLE RPUA,,,Djibouti,,2024,,,85000,,
288,P16a,Institut Supérieur du Numérique SupNum,,,Mauritanie,,2024,,,97340,,
289,P16a,AUF - Dir. Rég. Afrique de l'Ouest,,,Sénégal,,2024,,,81261,,
290,P16a,INCLUSIVE HELP CLASS (INCH CLASS),,,Cameroon,,2024,,,82629,,
291,P16a,OGOOUÉ LABS,,,Gabon,,2024,,,91831,,
292,P16a,Association Promotion de l'Excellence po ur le Développement - REPAO,,,Togo,,2024,,,15000,,
293,P16a,Association Comorienne des Technologies de l’Information et de la Communication - ACTIC,,,Comores,,2024,,,55798,,
294,P16a,MINISTERE DE L'ENSEIGNEMENT TECHNIQUE ET DE LA FORMATION PROFESSIONNELLE DE MADA GASCAR,,,Madagascar,,2024,,,94104,,
295,P16a,MENFOP - MINISTERE DE L'EDUCATION NATION ALE ET DE LA FORMATION PROFESSIONNELLE RPUA,,,Djibouti,,2024,,,15311,,
296,P16a,Association Promotion de l'Excellence po ur le Développement - REPAO,,,Togo,,2025,,,84137,,
297,P16a,EMN-Ecole des Métiers du Numérique,,,Bénin,,2025,,,99281,,
298,P16a,Association Promotion de l'Excellence po ur le Développement - REPAO,,,Togo,,2025,,,149962,,
299,P16a,RESEAUX D’APPUI AUX INITIATIVES LOCALES RAIL-ONG,,,Bénin,,2025,,,20000,,
300,P16a,Association PROEDEV,,,Togo,,2025,,,37083,,
301,P16a,Association Comorienne des Technologies de l’Information et de la Communication - ACTIC,,,Comores,,2025,,,83242,,
302,P16a,Direction Générale de la Jeunesse de Mad agascar,,,Madagascar,,2025,,,59061,,
303,P16a,Programme CLAC Comores,,,Comores,,2025,,,30858,,
304,P16a,FV - France Volontaires,,,France,,2025,,,5000,,
305,P16a,CNF des Seychelles - Commission national e pour la Francophonie,,,Seychelles,,2025,,,51520,,
306,P16a,MENFOP - MINISTERE DE L'EDUCATION NATION ALE ET DE LA FORMATION PROFESSIONNELLE RPUA,,,Djibouti,,2025,,,24938,,
307,P16a,CENTRE NATIONAL DE FORMATION DES FORMATEURS ET DE DVPT DES PROGRAMMES,,,Cameroon,,2025,,,99646,,
308,P16a,OGOOUÉ LABS,,,Gabon,,2025,,,99550,,
309,P16a,Kobo Hub,,,République Démocratique du Congo,,2025,,,99566,,
310,P16a,INSTITUT NATIONAL DE FORMATION ET DE PER FECTIONNEMENT PROFESSIONNELS - INFPP-Tog o - IFEF,,,Togo,,2024,,,13111,,
311,P16a,MINISTERE DES ENSEIGNEMENTS SECONDAIRE TECHNIQUE ET DE LA FORMATION PROFESSIONNELLE -Bénin MESTFP,,,Bénin,,2024,,,13339,,
312,P16a,Commission Nationale République Démocratique du Congo UNESCO,,,République Démocratique du Congo,,2024,,,,,
313,P16a,INSTITUT NATIONAL DE FORMATION ET DE PER FECTIONNEMENT PROFESSIONNELS - INFPP-Tog o - IFEF,,,Togo,,2025,,,762,,
314,P16a,PAMOFPE- programme d'amélioration de l'o ffre de la formation professionnelle,,,Cameroon,,2025,,,9695,,
315,P16a,Ministère de l'Education Nationale  des Comores,,,Comores,,2024,,,10861,,
316,P16a,APEFE Association pour la Promotion de l'Education et de la  Formation à l'Etranger,,,Rwanda,,2024,,,7887,,
317,P16a,DON BOSCO TECHAFRICA,,,Kenya,,2024,,,5000,,
318,P16a,"Ministère de l'enseignement technique, d e la formation professionnelle, de l'emp loi et du travail",,,Guinée,,2024,,,31000,,
319,P16a,Ministère de la Formation Professionnelle de l'Apprentissage et de l'Insertion,,,Sénégal,,2025,,,32929,,
320,P16a,PAMOFPE- programme d'amélioration de l'o ffre de la formation professionnelle,,,Cameroon,,2024,,,10001,,
321,P16a,Agence Développement Enseignement Technique ADET,,,Bénin,,2024,,,10804,,
322,P16a,Agence nationale de formation  et d'enseignement professionnels ANFEP,,,Gabon,,2025,,,17415,,
323,P16a,INSTITUT NATIONAL DE FORMATION ET DE PER FECTIONNEMENT PROFESSIONNELS - INFPP-Tog o - IFEF,,,Togo,,2025,,,20581,,
324,P16a,Ecole des Sciences et Techniques de Busogo,,,Rwanda,,2025,,,17115,,
325,P16a,Ministère l’Enseignement Supérieur Recherche Scientifique Formation Professionnelle Tchad FIJ,,,Tchad,,2025,,,25000,,
326,P16a,ASSOCIATION TUNISIENNE TECHNOLOGIE,,,Tunisie,,2025,,,3000,,
327,P16a,CEEE - CENTRE D’ÉTUDES ECONOMIQUES EUROP ÉENNES,,,France,,2023,,,30000,,
328,P16a,Kabakoo - La Maison de l’Étonnement,,,Mali,,2023,,,140095,,
329,P16a,DIPLO FOUNDATION,,,Switzerland,,2023,,,16438,,
330,P16a,ICT4Peace Foundation,,,Switzerland,,2023,,,25829,,
331,P16a,ISOC- Internet Society,,,Ethiopie,,2023,,,22986,,
332,P16a,Organisation des Nations Unies (ONU),,,United States,,2023,,,24000,,
333,P16a,ADESIT,,,Tchad,,2023,,,10000,,
334,P16a,SAYNA,,,Madagascar,,2023,,,4000,,
335,P16a,ASSOCIATION TUNISIENNE TECHNOLOGIE,,,Tunisie,,2023,,,17000,,
336,P16a,MENFOP - MINISTERE DE L'EDUCATION NATION ALE ET DE LA FORMATION PROFESSIONNELLE RPUA,,,Djibouti,,2023,,,10647,,
337,P16a,Agence Universitaire de la Francophonie - Direction régionale Afrique de l'Ouest,,,Sénégal,,2023,,,10956,,
338,P16a,SIMPLON AFRICA,,,Sénégal,,2023,,,2040,,
339,P16a,UNIVERSITÉ SENGHOR D'ALEXANDRIE,,,Egypte,,2023,,,22050,,
340,P16a,DIPLO FOUNDATION,,,Switzerland,,2023,,,42929,,
341,P16a,PRINTEMPS NUMÉRIQUE,,,Canada,,2023,,,3465,,
